Accession ID,Species,Original producing area,Latitude,Longitude,Sequencing Coverage,Ecotype
HP1,O. sativa,China,27.57,119.7,0.49,temperate japonica
HP2,O. sativa,China,30.68,119.68,0.71,temperate japonica
HP3,O. sativa,China,30.77,120.76,0.92,temperate japonica
HP4,O. sativa,China,30.77,120.76,0.61,temperate japonica
HP5,O. sativa,China,38.47,111.22,0.86,temperate japonica
HP6,O. sativa,China,38.47,111.22,0.57,temperate japonica
HP7,O. sativa,China,30.84,120.92,0.54,temperate japonica
HP8,O. sativa,China,30.16,120.1,1.33,temperate japonica
HP9,O. sativa,China,19.05,109.83,0.87,temperate japonica
HP10,O. sativa,China,25.03,121.3,1.16,temperate japonica
HP11,O. sativa,China,26.46,116,0.89,temperate japonica
HP12,O. sativa,China,40.2,117.97,1.06,temperate japonica
HP13,O. sativa,China,39.82,118.13,0.62,temperate japonica
HP14,O. sativa,China,31.64,104.41,1.22,temperate japonica
HP15,O. sativa,China,37.54,112.33,0.86,temperate japonica
HP16,O. sativa,China,37.54,112.33,0.73,temperate japonica
HP17,O. sativa,China,40.13,124.37,0.88,temperate japonica
HP18,O. sativa,China,40.13,124.37,0.72,temperate japonica
HP19,O. sativa,China,40.13,124.37,0.81,temperate japonica
HP20,O. sativa,China,40.3,123.25,0.87,temperate japonica
HP21,O. sativa,China,43.54,125.19,0.49,temperate japonica
HP22,O. sativa,China,34.79,116.57,1.02,temperate japonica
HP23,O. sativa,China,41.49,125.92,1.02,temperate japonica
HP24,O. sativa,China,26.34,116.32,1.03,temperate japonica
HP25,O. sativa,China,36.06,113.81,0.85,temperate japonica
HP26,O. sativa,China,31.22,121.48,0.57,indica
HP27,O. sativa,China,31.64,120.74,1.31,intermedia
HP28,O. sativa,China,31.36,119.82,0.78,intermedia
HP29,O. sativa,China,34.54,118.75,1.21,temperate japonica
HP30,O. sativa,China,31.89,117.47,0.64,temperate japonica
HP31,O. sativa,China,26.73,117.45,0.74,temperate japonica
HP32,O. sativa,China,36.4,117,1.68,temperate japonica
HP33,O. sativa,China,31.25,113.69,0.5,temperate japonica
HP34,O. sativa,China,29.23,113.8,0.57,temperate japonica
HP35,O. sativa,China,31.17,112.58,1.75,temperate japonica
HP36,O. sativa,China,28.3,109.71,1.65,temperate japonica
HP37,O. sativa,China,29.64,109.42,0.52,temperate japonica
HP38,O. sativa,China,27.37,109.16,0.96,temperate japonica
HP39,O. sativa,China,25.52,111.57,1.7,temperate japonica
HP40,O. sativa,China,26.37,110.3,0.56,temperate japonica
HP41,O. sativa,China,26.37,110.3,0.81,intermedia
HP42,O. sativa,China,23.35,102.42,1.66,indica
HP43,O. sativa,China,25.44,105.18,0.54,temperate japonica
HP44,O. sativa,China,24.69,99.15,0.66,temperate japonica
HP45,O. sativa,China,25.11,105.49,0.52,temperate japonica
HP46,O. sativa,China,26.89,109.2,1.88,temperate japonica
HP47,O. sativa,China,26.35,106.42,0.59,intermedia
HP48,O. sativa,China,29.37,112.39,0.6,temperate japonica
HP49,O. sativa,China,33.55,109.91,2.22,temperate japonica
HP50,O. sativa,China,31.64,104.41,1.08,temperate japonica
HP51,O. sativa,China,36.29,109.37,0.7,temperate japonica
HP52,O. sativa,China,35.6,109.27,0.8,temperate japonica
HP53,O. sativa,China,29.37,112.39,0.71,temperate japonica
HP54,O. sativa,China,37.51,105.18,0.65,temperate japonica
HP55,O. sativa,China,35.17,107.94,0.96,temperate japonica
HP56,O. sativa,China,35.17,107.94,0.49,temperate japonica
HP57,O. sativa,China,29.64,111.87,1.39,temperate japonica
HP58,O. sativa,China,26.35,106.42,1.22,temperate japonica
HP59,O. sativa,China,25.03,121.3,0.98,temperate japonica
HP60,O. sativa,China,45.53,131.85,1.14,temperate japonica
HP61,O. sativa,China,25.04,102.42,0.83,indica
HP62,O. sativa,China,22.77,103.24,0.69,temperate japonica
HP63,O. sativa,China,25.51,103.79,0.75,intermedia
HP64,O. sativa,China,25.39,105.63,0.69,temperate japonica
HP65,O. sativa,China,25.79,104.96,0.7,temperate japonica
HP66,O. sativa,China,33,106.93,0.71,temperate japonica
HP67,O. sativa,China,26.67,102.21,0.61,temperate japonica
HP68,O. sativa,China,43.5,124.82,0.47,temperate japonica
HP69,O. sativa,China,25.94,105.62,0.97,indica
HP70,O. sativa,China,41.55,121.22,0.9,temperate japonica
HP71,O. sativa,China,22.12,107.08,1.44,indica
HP72,O. sativa,China,23.91,106.62,1.26,temperate japonica
HP73,O. sativa,China,37.54,112.33,1.28,temperate japonica
HP74,O. sativa,China,19.23,109.44,0.74,temperate japonica
HP75,O. sativa,China,28.4,115.55,0.82,indica
HP76,O. sativa,China,28.4,115.55,0.71,indica
HP77,O. sativa,China,41.28,123.17,0.51,temperate japonica
HP78,O. sativa,China,30.84,116.36,1.26,temperate japonica
HP79,O. sativa,China,40.05,117.4,1.03,temperate japonica
HP80,O. sativa,China,23.08,113.14,1.3,temperate japonica
HP81,O. sativa,China,33,106.93,1.07,temperate japonica
HP82,O. sativa,China,33,106.93,0.65,temperate japonica
HP83,O. sativa,China,34.17,108.57,0.75,temperate japonica
HP84,O. sativa,China,32.83,109.35,1.18,temperate japonica
HP85,O. sativa,China,33.88,109.96,0.98,temperate japonica
HP86,O. sativa,China,33.55,109.91,0.88,temperate japonica
HP87,O. sativa,China,32.41,109.37,1.06,temperate japonica
HP88,O. sativa,China,33.34,108.33,1.04,temperate japonica
HP89,O. sativa,China,32.82,106.25,1.01,temperate japonica
HP90,O. sativa,China,38.71,115.14,0.95,temperate japonica
HP91,O. sativa,China,36.84,115.18,0.67,temperate japonica
HP92,O. sativa,China,37.03,111.88,0.57,temperate japonica
HP93,O. sativa,China,36.15,112.2,0.83,temperate japonica
HP94,O. sativa,China,37.54,112.33,0.52,temperate japonica
HP95,O. sativa,China,42.52,129,1.11,temperate japonica
HP96,O. sativa,China,43.32,129.75,0.59,temperate japonica
HP97,O. sativa,China,34.79,116.57,1.1,temperate japonica
HP98,O. sativa,China,31.64,104.41,0.93,temperate japonica
HP99,O. sativa,China,42.33,127.27,1.16,temperate japonica
HP100,O. sativa,China,36.12,110.65,0.77,temperate japonica
HP101,O. sativa,China,43.87,126.57,0.54,temperate japonica
HP102,O. sativa,China,47.35,123.18,0.63,temperate japonica
HP103,O. sativa,China,45.75,127.48,0.54,temperate japonica
HP104,O. sativa,China,26.35,106.42,1.65,temperate japonica
HP105,O. sativa,China,25.44,105.18,0.77,temperate japonica
HP106,O. sativa,China,36.4,117,0.68,temperate japonica
HP107,O. sativa,China,26.14,106.66,1,temperate japonica
HP108,O. sativa,China,26.25,105.92,0.86,temperate japonica
HP109,O. sativa,China,25.1,104.91,0.86,temperate japonica
HP110,O. sativa,China,36.4,117,1.17,temperate japonica
HP111,O. sativa,China,22.68,103.67,0.65,temperate japonica
HP112,O. sativa,China,31.22,121.48,0.94,temperate japonica
HP113,O. sativa,China,27.16,105.61,1.03,temperate japonica
HP114,O. sativa,China,27.13,104.71,0.74,temperate japonica
HP115,O. sativa,China,26.87,104.28,1.14,temperate japonica
HP116,O. sativa,China,42,122.83,0.91,temperate japonica
HP117,O. sativa,China,31.59,120.29,1.16,temperate japonica
HP119,O. sativa,China,19.05,109.83,1.86,indica
HP120,O. sativa,China,18.25,109.5,1.24,indica
HP121,O. sativa,China,23.08,113.14,1.01,indica
HP122,O. sativa,China,35.17,107.94,1.11,temperate japonica
HP123,O. sativa,China,38.75,114.97,0.76,temperate japonica
HP124,O. sativa,China,37.05,114.48,1.34,temperate japonica
HP125,O. sativa,China,45.27,131.04,0.7,temperate japonica
HP127,O. sativa,China,44.93,127.17,1.13,temperate japonica
HP128,O. sativa,China,32.13,114.08,1.48,temperate japonica
HP129,O. sativa,China,31.62,114.83,0.52,temperate japonica
HP130,O. sativa,China,32.13,115.04,0.87,temperate japonica
HP131,O. sativa,China,41.32,117.7,0.74,temperate japonica
HP132,O. sativa,China,31.4,121.24,1.33,temperate japonica
HP133,O. sativa,China,31.16,120.63,1.48,temperate japonica
HP134,O. sativa,China,31.16,120.63,1.25,temperate japonica
HP135,O. sativa,China,31.32,120.62,1.36,temperate japonica
HP136,O. sativa,China,31.59,120.29,0.84,temperate japonica
HP137,O. sativa,China,31.59,120.29,1.01,temperate japonica
HP138,O. sativa,China,31.36,119.82,0.93,temperate japonica
HP139,O. sativa,China,31.78,119.95,1.12,temperate japonica
HP140,O. sativa,China,31.89,121.15,0.81,temperate japonica
HP141,O. sativa,China,32.39,120.56,0.65,temperate japonica
HP142,O. sativa,China,33.38,120.13,0.81,temperate japonica
HP143,O. sativa,China,31.14,119.17,0.99,indica
HP144,O. sativa,China,28.16,113.63,0.9,indica
HP145,O. sativa,China,27.92,110.57,0.77,temperate japonica
HP146,O. sativa,China,30.4,104.04,0.81,temperate japonica
HP147,O. sativa,China,33.16,106.68,1.06,temperate japonica
HP148,O. sativa,China,26.49,113.77,0.66,temperate japonica
HP149,O. sativa,China,26.05,119.18,1.01,indica
HP150,O. sativa,China,26.65,118.16,0.58,temperate japonica
HP151,O. sativa,China,25.12,117.01,1.83,temperate japonica
HP152,O. sativa,China,24.59,112.07,0.52,temperate japonica
HP153,O. sativa,China,20.02,110.2,0.57,temperate japonica
HP154,O. sativa,China,25.17,106.09,1.13,temperate japonica
HP155,O. sativa,China,26.14,106.66,0.87,temperate japonica
HP156,O. sativa,China,26.35,106.42,1.48,temperate japonica
HP157,O. sativa,China,25.17,106.09,1.15,temperate japonica
HP158,O. sativa,China,30.35,114.17,0.65,temperate japonica
HP159,O. sativa,China,30.4,104.04,0.6,temperate japonica
HP160,O. sativa,China,32.62,114.38,1.33,temperate japonica
HP161,O. sativa,China,35.08,112.57,0.87,temperate japonica
HP162,O. sativa,China,26.35,106.42,0.71,temperate japonica
HP163,O. sativa,China,26.56,106.46,1.45,temperate japonica
HP164,O. sativa,China,28.57,108.48,0.79,indica
HP165,O. sativa,China,26.21,107.79,0.97,temperate japonica
HP166,O. sativa,China,26.35,106.42,1.34,temperate japonica
HP167,O. sativa,China,26.35,106.42,0.71,indica
HP168,O. sativa,China,26.35,106.42,0.84,temperate japonica
HP169,O. sativa,China,26.84,106.59,0.91,temperate japonica
HP170,O. sativa,China,43.45,87.36,0.63,temperate japonica
HP171,O. sativa,China,43.45,87.36,0.65,temperate japonica
HP172,O. sativa,China,26,107.86,0.83,temperate japonica
HP173,O. sativa,China,25.04,102.42,1.77,temperate japonica
HP174,O. sativa,China,25.85,114.02,0.87,indica
HP175,O. sativa,China,18.64,109.7,0.53,temperate japonica
HP176,O. sativa,China,27.57,119.7,1.08,indica
HP177,O. sativa,China,27.57,119.7,1,indica
HP178,O. sativa,China,30.16,120.1,1.07,intermedia
HP179,O. sativa,China,27.68,120.55,2.58,indica
HP180,O. sativa,China,27.08,120.08,1.01,indica
HP181,O. sativa,China,27.08,120.08,0.94,indica
HP182,O. sativa,China,26.84,116.32,1.53,indica
HP183,O. sativa,China,28.14,120.94,0.66,indica
HP184,O. sativa,China,30.16,120.1,1.13,indica
HP185,O. sativa,China,28.8,121.13,0.77,indica
HP186,O. sativa,China,28.92,120.02,1.06,indica
HP187,O. sativa,China,22.36,106.84,0.99,indica
HP188,O. sativa,China,29.15,118.39,1.52,indica
HP189,O. sativa,China,29.15,118.39,0.59,indica
HP190,O. sativa,China,29.61,119.05,1.92,indica
HP191,O. sativa,China,29.61,119.05,1.22,indica
HP192,O. sativa,China,30.04,121.16,1.05,indica
HP193,O. sativa,China,30.01,119.91,1.44,indica
HP194,O. sativa,China,30.16,120.1,1.16,indica
HP195,O. sativa,China,30.16,120.1,1.19,indica
HP196,O. sativa,China,30.16,120.1,1.3,indica
HP197,O. sativa,China,26.73,117.45,1.28,indica
HP198,O. sativa,China,27.34,117.48,1.13,indica
HP199,O. sativa,China,25.07,118.18,1.35,indica
HP200,O. sativa,China,24.38,117.3,0.66,indica
HP201,O. sativa,China,25,117.53,1.05,indica
HP202,O. sativa,China,23.73,117.16,0.56,indica
HP203,O. sativa,China,25.72,116.75,0.71,indica
HP204,O. sativa,China,28.47,117.97,0.63,indica
HP205,O. sativa,China,26.92,117.15,1.4,indica
HP206,O. sativa,China,27.05,118.32,0.79,indica
HP207,O. sativa,China,27.76,118.02,1.45,indica
HP208,O. sativa,China,26.8,117.8,1.3,indica
HP209,O. sativa,China,26.2,119.53,0.92,indica
HP210,O. sativa,China,26.2,119.53,1.08,indica
HP211,O. sativa,China,27.47,119.5,0.92,indica
HP212,O. sativa,China,25.07,118.18,1.17,indica
HP213,O. sativa,China,25,117.53,0.68,indica
HP214,O. sativa,China,25.72,116.75,0.99,indica
HP215,O. sativa,China,26.85,116.82,1.25,indica
HP216,O. sativa,China,23.73,117.16,0.88,indica
HP217,O. sativa,China,22.74,108.49,0.86,indica
HP218,O. sativa,China,22.87,110.53,1.09,indica
HP219,O. sativa,China,24.49,109.74,0.76,indica
HP220,O. sativa,China,23.7,113.01,1.84,indica
HP221,O. sativa,China,26.92,118.98,0.55,indica
HP222,O. sativa,China,23.08,113.14,1.04,indica
HP223,O. sativa,China,25.03,121.3,0.6,intermedia
HP224,O. sativa,China,25.03,121.3,1.76,indica
HP225,O. sativa,China,25.03,121.3,0.65,indica
HP226,O. sativa,China,25.03,121.3,0.85,indica
HP227,O. sativa,China,25.03,121.3,0.92,indica
HP228,O. sativa,China,25.03,121.3,0.86,indica
HP229,O. sativa,China,28.4,115.55,0.72,indica
HP230,O. sativa,China,22.69,109.2,0.78,indica
HP231,O. sativa,China,22.36,106.84,1.17,indica
HP232,O. sativa,China,27.22,115.14,1,indica
HP233,O. sativa,China,23.35,102.42,1.37,indica
HP234,O. sativa,China,31.32,120.62,1.61,indica
HP235,O. sativa,China,30.93,117.82,1.16,indica
HP236,O. sativa,China,31.7,117.15,1.57,indica
HP237,O. sativa,China,26.32,115.33,1,indica
HP238,O. sativa,China,27.44,115.82,1.04,indica
HP239,O. sativa,China,27.12,119.36,0.74,indica
HP240,O. sativa,China,23.99,117.34,1.17,indica
HP241,O. sativa,China,35.05,118.35,1.04,temperate japonica
HP242,O. sativa,China,19.23,109.44,1.27,indica
HP243,O. sativa,China,24.77,112.4,1.02,indica
HP244,O. sativa,China,30.35,114.17,0.88,indica
HP245,O. sativa,China,29.23,113.8,1.15,indica
HP246,O. sativa,China,29.54,114.04,1.43,indica
HP247,O. sativa,China,30.35,114.17,1.27,indica
HP248,O. sativa,China,30.35,114.17,1.4,indica
HP249,O. sativa,China,29.64,109.42,1.16,indica
HP250,O. sativa,China,27.92,110.57,0.85,indica
HP251,O. sativa,China,26.41,111.28,0.94,indica
HP252,O. sativa,China,31.81,115.42,1.41,indica
HP253,O. sativa,China,33.55,109.91,1.19,indica
HP254,O. sativa,China,32.72,113.31,1.75,indica
HP255,O. sativa,China,29.37,112.39,0.56,indica
HP256,O. sativa,China,33.15,113.98,0.62,temperate japonica
HP257,O. sativa,China,34.75,101.62,1.1,indica
HP258,O. sativa,China,34.75,101.62,0.99,temperate japonica
HP259,O. sativa,China,34.75,101.62,1.21,indica
HP260,O. sativa,China,30.88,104.32,1.16,indica
HP261,O. sativa,China,31.13,104.16,1.07,indica
HP262,O. sativa,China,31.8,104.7,1.55,indica
HP263,O. sativa,China,28.96,105.46,0.5,indica
HP264,O. sativa,China,25.67,104.24,1.22,indica
HP265,O. sativa,China,24.06,101.98,1.07,indica
HP266,O. sativa,China,25.1,104.91,0.61,indica
HP267,O. sativa,China,25.1,104.91,0.77,indica
HP268,O. sativa,China,25.1,104.91,0.56,indica
HP269,O. sativa,China,25.1,104.91,0.96,indica
HP270,O. sativa,China,25.1,104.91,1.33,indica
HP271,O. sativa,China,26.25,105.92,1.08,temperate japonica
HP272,O. sativa,China,26.84,106.59,0.99,temperate japonica
HP273,O. sativa,China,26.35,106.42,0.85,indica
HP274,O. sativa,China,27.73,109.21,0.54,indica
HP275,O. sativa,China,27.73,109.21,0.66,temperate japonica
HP276,O. sativa,China,28.27,108.13,1.14,indica
HP277,O. sativa,China,26.7,107.51,0.93,indica
HP278,O. sativa,China,25.83,107.55,0.89,temperate japonica
HP279,O. sativa,China,26.68,108.32,1.2,indica
HP280,O. sativa,China,30.35,114.17,0.81,temperate japonica
HP281,O. sativa,China,27.03,108.11,1.16,indica
HP282,O. sativa,China,26.25,105.92,1.24,temperate japonica
HP283,O. sativa,China,33,106.93,0.96,temperate japonica
HP284,O. sativa,China,33,106.93,1.27,temperate japonica
HP285,O. sativa,China,33.74,112.88,1,indica
HP287,O. sativa,China,28.96,105.46,1.3,indica
HP288,O. sativa,China,27.4,102.15,0.86,indica
HP289,O. sativa,China,22.58,101.88,1.24,indica
HP290,O. sativa,China,23.62,105.6,1.05,indica
HP291,O. sativa,China,25.44,105.18,0.64,indica
HP292,O. sativa,China,25.11,105.49,1,indica
HP293,O. sativa,China,30.35,114.17,0.95,intermedia
HP294,O. sativa,China,27.4,102.15,0.86,intermedia
HP295,O. sativa,China,29.88,118.44,0.62,indica
HP296,O. sativa,China,27.56,116.62,1.08,indica
HP297,O. sativa,China,24.59,112.07,1.31,indica
HP298,O. sativa,China,28.12,112.59,0.87,indica
HP299,O. sativa,China,32.72,113.31,1.42,indica
HP300,O. sativa,China,25.89,116.02,1.84,indica
HP301,O. sativa,China,27.12,114.97,0.6,indica
HP302,O. sativa,China,22.69,109.2,1.29,indica
HP303,O. sativa,China,24.67,109.24,1.81,indica
HP304,O. sativa,China,24.8,105.34,1.51,indica
HP305,O. sativa,China,23.15,106.41,1.38,indica
HP306,O. sativa,China,28.16,113.63,1.24,indica
HP307,O. sativa,China,28.08,104.28,1.17,indica
HP308,O. sativa,China,26.35,106.42,1.05,temperate japonica
HP309,O. sativa,China,25.81,104.64,0.98,temperate japonica
HP310,O. sativa,China,23.36,110.9,0.76,indica
HP311,O. sativa,China,34.79,116.57,0.96,indica
HP312,O. sativa,China,21.39,110.24,0.98,indica
HP313,O. sativa,China,25.44,105.18,1.03,indica
HP314,O. sativa,China,26.49,107.58,1.4,temperate japonica
HP315,O. sativa,China,25.84,107.54,0.53,temperate japonica
HP316,O. sativa,China,28.4,115.55,0.84,indica
HP317,O. sativa,China,31.95,118.83,1,indica
HP318,O. sativa,China,32.43,119.55,0.64,indica
HP319,O. sativa,China,32.03,118.46,0.97,indica
HP320,O. sativa,China,32.93,119.82,0.71,indica
HP321,O. sativa,China,30.07,118.57,0.71,indica
HP322,O. sativa,China,30.64,117.84,1.01,indica
HP323,O. sativa,China,31.52,117.17,0.87,indica
HP324,O. sativa,China,31.04,116.94,1.39,indica
HP325,O. sativa,China,31.04,116.94,1.1,indica
HP326,O. sativa,China,31.64,104.41,1.24,indica
HP327,O. sativa,China,23.4,113.19,0.59,indica
HP328,O. sativa,China,23.75,106.9,0.76,indica
HP329,O. sativa,China,32.62,114.38,0.88,indica
HP330,O. sativa,China,25.39,105.63,0.76,temperate japonica
HP331,O. sativa,China,28.6,112.33,1.14,temperate japonica
HP332,O. sativa,China,28.37,112.8,0.98,indica
HP333,O. sativa,China,28.16,113.63,1.91,indica
HP334,O. sativa,China,29.71,113.56,1.42,indica
HP335,O. sativa,China,29.71,113.56,1.27,indica
HP336,O. sativa,China,29.41,112.16,1.04,indica
HP337,O. sativa,China,29.41,111.09,0.95,indica
HP338,O. sativa,China,28.12,112.59,1.49,indica
HP339,O. sativa,China,19.52,109.57,1.41,indica
HP340,O. sativa,China,19.91,109.69,1.23,indica
HP341,O. sativa,China,19.91,109.69,0.78,indica
HP342,O. sativa,China,19.91,109.69,1.18,indica
HP343,O. sativa,China,19.98,110.33,1.74,indica
HP344,O. sativa,China,19.61,110.72,1.02,indica
HP345,O. sativa,China,23.08,113.14,1.01,intermedia
HP346,O. sativa,China,21.43,110.78,0.89,indica
HP347,O. sativa,China,21.52,110.99,1.09,indica
HP348,O. sativa,China,21.39,110.24,1.37,indica
HP349,O. sativa,China,22.16,111.78,0.81,indica
HP350,O. sativa,China,21.71,112.76,0.9,indica
HP351,O. sativa,China,23.45,111.48,0.92,indica
HP352,O. sativa,China,23.18,114.28,0.8,indica
HP353,O. sativa,China,23.07,116.29,0.73,indica
HP354,O. sativa,China,22.95,117.64,0.93,indica
HP355,O. sativa,China,21.95,100.5,1.11,indica
HP356,O. sativa,China,23.56,99.41,1.02,indica
HP357,O. sativa,China,23.7,113.01,1.37,indica
HP358,O. sativa,China,33.23,107.56,0.78,temperate japonica
HP359,O. sativa,China,33.16,106.68,0.88,indica
HP360,O. sativa,China,33,106.93,0.74,indica
HP361,O. sativa,China,33,106.93,0.91,indica
HP362,O. sativa,China,32.82,106.25,0.66,indica
HP363,O. sativa,China,33.65,106.95,0.84,temperate japonica
HP364,O. sativa,China,32.83,109.35,0.64,indica
HP365,O. sativa,China,29.86,117.7,0.57,indica
HP366,O. sativa,China,29.37,112.39,0.88,indica
HP367,O. sativa,China,33,106.93,0.92,indica
HP368,O. sativa,China,29.37,112.39,0.93,indica
HP369,O. sativa,China,31.64,104.41,0.79,indica
HP370,O. sativa,China,34.62,108.94,1.8,temperate japonica
HP371,O. sativa,China,35.6,109.27,0.99,temperate japonica
HP372,O. sativa,China,34.65,107.13,0.71,temperate japonica
HP373,O. sativa,China,32.7,109.02,0.66,indica
HP374,O. sativa,China,33.16,107.32,0.76,indica
HP375,O. sativa,China,32.3,108.89,1.4,temperate japonica
HP376,O. sativa,China,32.83,109.35,0.5,temperate japonica
HP377,O. sativa,China,32.83,109.35,0.68,indica
HP378,O. sativa,China,32.41,109.37,0.9,temperate japonica
HP379,O. sativa,China,33.34,108.33,1.54,indica
HP380,O. sativa,China,34.17,108.57,1.12,indica
HP381,O. sativa,China,39.48,115.98,0.79,intermedia
HP382,O. sativa,China,36.4,117,0.63,temperate japonica
HP383,O. sativa,China,32.13,114.08,0.7,indica
HP384,O. sativa,China,32.83,114.02,0.99,temperate japonica
HP385,O. sativa,China,34.79,114.35,0.54,temperate japonica
HP386,O. sativa,China,34.75,101.62,1.4,indica
HP387,O. sativa,China,25.69,117.83,0.58,indica
HP388,O. sativa,China,25.58,115.79,0.77,temperate japonica
HP389,O. sativa,China,25.58,115.79,0.53,temperate japonica
HP390,O. sativa,China,23.08,113.14,0.54,temperate japonica
HP391,O. sativa,China,30.24,115.3,1.31,temperate japonica
HP392,O. sativa,China,27.7,106.9,0.8,indica
HP393,O. sativa,China,30.35,114.17,1.64,indica
HP394,O. sativa,China,30.35,114.17,1.4,indica
HP395,O. sativa,China,30.35,114.17,0.71,indica
HP396,O. sativa,China,28.16,113.63,0.68,indica
HP397,O. sativa,China,28.38,111.2,0.9,indica
HP398,O. sativa,China,28.38,111.2,1.32,temperate japonica
HP399,O. sativa,China,27.73,111.29,0.8,indica
HP400,O. sativa,China,27.73,111.29,0.89,indica
HP401,O. sativa,China,27.44,112.18,0.93,temperate japonica
HP402,O. sativa,China,28.12,112.59,0.63,temperate japonica
HP403,O. sativa,China,26.46,106.98,0.52,temperate japonica
HP404,O. sativa,China,26.49,107.58,0.99,temperate japonica
HP405,O. sativa,China,27.03,106.04,1.16,indica
HP406,O. sativa,China,26.35,106.42,1.23,temperate japonica
HP407,O. sativa,China,26.49,107.58,1.01,indica
HP408,O. sativa,China,27.06,108.41,2.06,indica
HP409,O. sativa,China,27.03,108.11,0.92,indica
HP410,O. sativa,China,26.24,109.14,0.89,indica
HP411,O. sativa,China,25.03,121.3,1.09,indica
HP412,O. sativa,China,22.69,109.2,0.66,indica
HP413,O. sativa,China,23.08,107.12,0.64,indica
HP414,O. sativa,China,23.18,107.68,0.99,indica
HP415,O. sativa,China,22.85,107.21,0.52,indica
HP416,O. sativa,China,22.85,107.21,0.81,indica
HP417,O. sativa,China,22.64,110.14,1.47,indica
HP418,O. sativa,China,25.78,110.02,0.84,indica
HP419,O. sativa,China,25.1,104.91,1.25,indica
HP420,O. sativa,China,25.44,105.18,0.77,indica
HP421,O. sativa,China,25.12,117.01,1.26,temperate japonica
HP422,O. sativa,China,21.95,100.5,0.86,indica
HP423,O. sativa,China,25.04,102.42,1.44,indica
HP424,O. sativa,China,25.17,106.09,0.7,indica
HP425,O. sativa,China,26.35,106.42,0.51,temperate japonica
HP426,O. sativa,China,31.22,121.48,0.86,temperate japonica
HP427,O. sativa,China,31.13,104.37,1.2,indica
HP428,O. sativa,China,30.35,114.17,1.36,indica
HP429,O. sativa,China,30.35,114.17,1.06,indica
HP430,O. sativa,China,30.35,114.17,0.84,indica
HP431,O. sativa,China,30.24,115.3,1.07,indica
HP432,O. sativa,China,30.88,104.32,0.93,indica
HP433,O. sativa,China,30.2,103.29,0.8,indica
HP434,O. sativa,China,31.32,104.19,0.82,indica
HP435,O. sativa,China,26.67,102.21,0.89,indica
HP436,O. sativa,China,27.07,102.76,0.75,temperate japonica
HP437,O. sativa,China,29.24,104.97,1.27,indica
HP438,O. sativa,China,31.86,117.27,0.55,indica
HP439,O. sativa,China,31.62,117.87,1.02,temperate japonica
HP440,O. sativa,China,26.46,116,1.54,indica
HP441,O. sativa,China,27.67,113.5,0.58,indica
HP442,O. sativa,China,29.71,113.56,1.7,indica
HP443,O. sativa,China,27.13,111.04,0.73,indica
HP444,O. sativa,China,27.44,112.18,1.1,indica
HP445,O. sativa,China,25.44,105.18,0.61,indica
HP446,O. sativa,China,27.08,107.48,0.67,indica
HP447,O. sativa,China,26.72,107.53,1.03,indica
HP448,O. sativa,China,28.4,115.55,0.79,indica
HP449,O. sativa,China,32.72,113.31,0.97,indica
HP450,O. sativa,China,27.76,118.02,1.65,indica
HP451,O. sativa,China,21.68,110.88,0.57,indica
HP452,O. sativa,China,30.99,104.25,0.95,indica
HP453,O. sativa,China,27.73,109.21,1.67,indica
HP454,O. sativa,China,18.64,109.7,1.37,temperate japonica
HP455,O. sativa,China,18.64,109.7,0.9,indica
HP456,O. sativa,China,23.08,113.14,1.28,indica
HP457,O. sativa,China,24.59,112.07,1.53,indica
HP458,O. sativa,China,23.08,113.14,0.99,indica
HP459,O. sativa,China,31.62,114.83,1.09,indica
HP460,O. sativa,China,31.62,114.83,0.82,indica
HP461,O. sativa,China,31.81,115.42,1.12,indica
HP462,O. sativa,China,31.81,115.42,1.06,temperate japonica
HP463,O. sativa,China,31.39,120.95,1.13,indica
HP464,O. sativa,China,31.95,118.83,1.1,indica
HP465,O. sativa,China,32.43,119.55,0.56,indica
HP466,O. sativa,China,29.88,118.44,0.85,temperate japonica
HP467,O. sativa,China,31.52,117.17,0.97,indica
HP468,O. sativa,China,30.84,116.36,0.83,temperate japonica
HP469,O. sativa,China,30.62,116.53,0.81,indica
HP470,O. sativa,China,31.52,117.17,1.05,indica
HP471,O. sativa,China,30.35,114.17,0.89,indica
HP472,O. sativa,China,30.35,114.17,0.92,indica
HP473,O. sativa,China,30.35,114.17,1.21,indica
HP474,O. sativa,China,30.35,114.17,1.51,indica
HP475,O. sativa,China,30.24,115.3,1.11,indica
HP476,O. sativa,China,24.55,116.1,1.08,indica
HP477,O. sativa,China,29.87,114.28,1.2,indica
HP478,O. sativa,China,29.54,114.04,1.63,indica
HP479,O. sativa,China,30.7,111.3,1.24,indica
HP480,O. sativa,China,30.35,114.17,0.6,indica
HP481,O. sativa,China,27.67,113.5,0.61,indica
HP482,O. sativa,China,29.71,113.56,0.6,indica
HP483,O. sativa,China,28.3,109.71,2.37,indica
HP484,O. sativa,China,29,109.84,0.56,indica
HP485,O. sativa,China,27.92,109.43,0.75,indica
HP486,O. sativa,China,27.92,109.43,0.49,indica
HP487,O. sativa,China,28.02,110.18,1.03,indica
HP488,O. sativa,China,27.73,111.29,0.89,indica
HP489,O. sativa,China,26.44,110.84,1.02,indica
HP490,O. sativa,China,26.44,110.84,0.92,indica
HP491,O. sativa,China,25.59,110.14,0.55,indica
HP492,O. sativa,China,25.79,113,0.72,indica
HP493,O. sativa,China,25.08,113.91,0.6,indica
HP494,O. sativa,China,25.08,113.91,0.87,indica
HP495,O. sativa,China,25.08,113.91,1.26,indica
HP496,O. sativa,China,25.79,113,1.11,indica
HP497,O. sativa,China,25.95,113.39,0.74,indica
HP498,O. sativa,China,26.22,111.63,1.34,indica
HP499,O. sativa,China,24.97,111.79,0.97,indica
HP500,O. sativa,China,28.12,112.59,1.76,indica
HP501,O. sativa,China,26.49,113.77,0.77,indica
HP502,O. sativa,China,26.49,113.77,0.55,indica
HP503,O. sativa,China,26.41,117.77,0.94,indica
HP504,O. sativa,China,28.6,112.33,0.88,indica
HP505,O. sativa,China,25.04,102.42,1.12,indica
HP506,O. sativa,China,29.05,111.69,1.13,indica
HP507,O. sativa,China,29.41,111.09,0.52,indica
HP508,O. sativa,China,30.57,104.94,0.92,indica
HP509,O. sativa,China,26.49,113.77,0.78,indica
HP510,O. sativa,China,30.82,104.13,0.9,indica
HP511,O. sativa,China,30.82,104.13,0.91,temperate japonica
HP512,O. sativa,China,27.92,102.29,0.83,temperate japonica
HP513,O. sativa,China,27.92,102.29,0.83,indica
HP514,O. sativa,China,29.24,104.97,0.56,indica
HP515,O. sativa,China,28.71,105.06,1.03,indica
HP516,O. sativa,China,29.75,105.71,0.67,indica
HP517,O. sativa,China,29.7,107.36,0.7,indica
HP518,O. sativa,China,27.4,102.15,0.76,indica
HP519,O. sativa,China,26.74,102.55,1.25,intermedia
HP520,O. sativa,China,25.07,118.18,1.11,indica
HP521,O. sativa,China,25.07,118.18,0.73,indica
HP522,O. sativa,China,24.51,117.35,0.88,indica
HP523,O. sativa,China,24.51,117.35,0.84,indica
HP524,O. sativa,China,25.12,117.01,0.69,indica
HP525,O. sativa,China,24.68,113.58,0.85,temperate japonica
HP526,O. sativa,China,23.08,113.14,1.05,indica
HP527,O. sativa,China,19.05,109.83,1.01,indica
HP528,O. sativa,China,23.17,102.81,1.3,indica
HP529,O. sativa,China,21.95,100.5,1.43,indica
HP530,O. sativa,China,24.82,99.61,1.44,indica
HP531,O. sativa,China,27.08,107.48,0.67,indica
HP532,O. sativa,China,26.14,106.66,0.84,temperate japonica
HP533,O. sativa,China,25.83,107.55,0.54,indica
HP534,O. sativa,China,30.99,103.94,0.88,indica
HP535,O. sativa,China,30.8,103.86,1.43,indica
HP536,O. sativa,China,30.63,103.69,0.92,indica
HP537,O. sativa,China,30.4,104.04,0.66,indica
HP538,O. sativa,China,29,109.84,0.86,indica
HP539,O. sativa,China,27.37,109.16,1.4,indica
HP540,O. sativa,China,25.08,113.91,1.04,indica
HP541,O. sativa,China,25.08,113.91,0.93,indica
HP542,O. sativa,China,25.08,113.91,0.51,indica
HP543,O. sativa,China,28.6,112.33,0.78,indica
HP544,O. sativa,China,29.05,111.69,1.06,indica
HP545,O. sativa,China,26.58,107.22,0.82,indica
HP546,O. sativa,China,25.44,105.18,1.23,indica
HP547,O. sativa,China,23.38,110.07,0.63,indica
HP548,O. sativa,China,29.93,117.92,1.06,indica
HP549,O. sativa,China,27.08,107.48,0.74,indica
HP550,O. sativa,China,27.21,108.72,0.83,indica
HP551,O. sativa,China,26.57,106.71,0.96,indica
HP552,O. sativa,China,27.7,106.9,1.02,indica
HP553,O. sativa,China,25.44,105.18,1.28,indica
HP554,O. sativa,China,25.11,105.49,0.91,temperate japonica
HP555,O. sativa,China,26.46,116,0.94,indica
HP556,O. sativa,China,27.12,114.97,1.1,indica
HP557,O. sativa,China,30.67,104.06,1.16,indica
HP558,O. sativa,China,30.67,104.06,1.14,indica
HP559,O. sativa,China,30.67,104.06,0.81,indica
HP560,O. sativa,China,24.91,114.79,1.06,indica
HP561,O. sativa,China,26.33,114.5,1.03,indica
HP562,O. sativa,China,26.33,114.5,0.92,indica
HP563,O. sativa,China,28.4,115.55,1.1,indica
HP564,O. sativa,China,30.35,114.17,1.1,temperate japonica
HP565,O. sativa,China,30.35,114.17,1.14,indica
HP566,O. sativa,China,33.93,106.51,1.11,indica
HP567,O. sativa,China,30.35,114.17,1.33,indica
HP568,O. sativa,China,30.35,114.17,0.58,temperate japonica
HP569,O. sativa,China,25.01,107.16,0.55,indica
HP570,O. sativa,China,30.4,104.04,0.89,indica
HP571,O. sativa,China,27.92,102.29,0.99,indica
HP572,O. sativa,China,29.92,102.25,0.8,indica
HP573,O. sativa,China,31.52,117.17,1.42,indica
HP574,O. sativa,China,27.06,106.95,1.2,temperate japonica
HP575,O. sativa,China,26.41,117.77,0.82,indica
HP576,O. sativa,China,26.25,105.92,0.88,indica
HP577,O. sativa,China,26.42,106.26,0.74,indica
HP578,O. sativa,China,26.42,106.26,0.58,indica
HP579,O. sativa,China,25.94,105.62,1.19,indica
HP580,O. sativa,China,25.94,105.62,0.68,indica
HP581,O. sativa,China,26.84,106.59,1.09,indica
HP582,O. sativa,China,27.73,109.21,1.04,indica
HP583,O. sativa,China,26.59,107.97,0.68,indica
HP584,O. sativa,China,26.49,107.58,0.96,indica
HP585,O. sativa,China,27.73,109.21,1.22,temperate japonica
HP586,O. sativa,China,26,107.86,0.73,temperate japonica
HP587,O. sativa,China,26.03,106.45,1.18,temperate japonica
HP588,O. sativa,China,26.49,107.58,1.05,temperate japonica
HP589,O. sativa,China,27.03,108.11,0.7,indica
HP590,O. sativa,China,26.89,109.2,0.99,indica
HP591,O. sativa,China,26.57,106.71,1.11,indica
HP592,O. sativa,China,25.1,104.91,1.11,indica
HP593,O. sativa,China,25.11,105.49,1.14,indica
HP594,O. sativa,China,26.35,106.42,0.76,intermedia
HP595,O. sativa,China,26.08,105.75,1.02,indica
HP596,O. sativa,China,26.08,105.75,1.12,temperate japonica
HP597,O. sativa,China,24.44,100.12,1.12,indica
HP598,O. sativa,China,27.21,108.72,0.61,indica
HP599,O. sativa,China,26.24,109.14,1.27,temperate japonica
HP600,O. sativa,China,33.25,112.98,1.36,indica
HP601,O. sativa,China,33.05,111.83,0.95,indica
HP602,O. sativa,China,30.4,104.04,0.89,temperate japonica
HP603,O. sativa,China,26,107.86,1.41,indica
HP604,O. sativa,China,22.68,103.67,1.08,indica
HP605,O. sativa,China,22.58,101.88,1.2,temperate japonica
HP606,O. sativa,China,26.66,105.76,1.47,indica
HP607,O. sativa,China,21.95,100.5,1.35,indica
HP608,O. sativa,China,24.69,97.93,1.18,indica
HP609,O. sativa,China,19.05,109.83,1.59,indica
HP610,O. sativa,China,18.48,110.02,1.18,indica
HP611,O. sativa,China,18.48,110.02,0.93,indica
HP612,O. sativa,China,19.25,110.46,1.71,indica
HP613,O. sativa,China,19.36,110.1,1.11,indica
HP614,O. sativa,China,19.52,109.57,1.04,intermedia
HP990,O. sativa,China,NA,NA,0.77,temperate japonica
HP991,O. sativa,China,NA,NA,0.7,indica
HP992,O. sativa,China,NA,NA,0.43,temperate japonica
HP993,O. sativa,China,NA,NA,1.75,indica
HP994,O. sativa,China,NA,NA,0.58,indica
HP995,O. sativa,China,NA,NA,0.58,temperate japonica
HP996,O. sativa,Japan,NA,NA,1.07,temperate japonica
HP997,O. sativa,Japan,NA,NA,0.62,temperate japonica
HP998,O. sativa,China,NA,NA,1.75,indica
HP999,O. sativa,China,NA,NA,1.02,indica
GP1,O. sativa,Bengal,NA,NA,0.69,intermedia
GP2,O. sativa,Bengal,NA,NA,0.73,intermedia
GP3,O. sativa,Brazil,NA,NA,0.57,indica
GP4,O. sativa,Philippine,NA,NA,0.95,indica
GP5,O. sativa,Madagascar,NA,NA,0.91,tropical japonica
GP6,O. sativa,Thailand,NA,NA,0.17,indica
GP7,O. sativa,Ivory Coast,NA,NA,0.76,tropical japonica
GP8,O. sativa,Bengal,NA,NA,1.49,aus
GP9,O. sativa,Philippine,NA,NA,0.6,indica
GP10,O. sativa,Philippine,NA,NA,0.42,indica
GP11,O. sativa,Philippine,NA,NA,0.82,indica
GP12,O. sativa,IRRI,NA,NA,0.68,indica
GP13,O. sativa,Philippine,NA,NA,1.03,indica
GP14,O. sativa,IRRI,NA,NA,1.75,indica
GP15,O. sativa,IRRI,NA,NA,0.42,indica
GP16,O. sativa,IRRI,NA,NA,0.85,indica
GP17,O. sativa,IRRI,NA,NA,1.74,indica
GP18,O. sativa,IRRI,NA,NA,1.21,indica
GP19,O. sativa,IRRI,NA,NA,0.39,indica
GP20,O. sativa,IRRI,NA,NA,0.7,indica
GP21,O. sativa,IRRI,NA,NA,1,indica
GP22,O. sativa,IRRI,NA,NA,0.8,indica
GP23,O. sativa,IRRI,NA,NA,1.05,indica
GP24,O. sativa,IRRI,NA,NA,1,indica
GP25,O. sativa,IRRI,NA,NA,1.07,indica
GP26,O. sativa,IRRI,NA,NA,0.77,intermedia
GP27,O. sativa,IRRI,NA,NA,0.71,indica
GP28,O. sativa,IRRI,NA,NA,1.15,indica
GP29,O. sativa,IRRI,NA,NA,0.44,indica
GP30,O. sativa,IRRI,NA,NA,0.87,indica
GP31,O. sativa,IRRI,NA,NA,1.14,indica
GP32,O. sativa,Philippine,NA,NA,0.51,indica
GP33,O. sativa,Philippine,NA,NA,1.07,indica
GP34,O. sativa,India,NA,NA,1.26,aus
GP35,O. sativa,Philippine,NA,NA,0.66,indica
GP36,O. sativa,Bengal,NA,NA,0.66,aus
GP37,O. sativa,Philippine,NA,NA,1.2,indica
GP38,O. sativa,India,NA,NA,0.61,aus
GP39,O. sativa,Brazil,NA,NA,0.9,tropical japonica
GP40,O. sativa,Sri Lanka,NA,NA,0.67,indica
GP41,O. sativa,Vietnam,NA,NA,0.79,indica
GP42,O. sativa,Malaysia,NA,NA,0.71,indica
GP43,O. sativa,India,NA,NA,0.61,indica
GP44,O. sativa,India,NA,NA,1.12,intermedia
GP45,O. sativa,India,NA,NA,0.39,indica
GP46,O. sativa,India,NA,NA,0.66,indica
GP47,O. sativa,India,NA,NA,0.72,aus
GP48,O. sativa,Cuba,NA,NA,0.74,indica
GP49,O. sativa,Cuba,NA,NA,0.51,indica
GP50,O. sativa,Cuba,NA,NA,0.71,indica
GP51,O. sativa,Cuba,NA,NA,0.9,indica
GP52,O. sativa,Cuba,NA,NA,0.9,indica
GP53,O. sativa,Cuba,NA,NA,0.3,indica
GP54,O. sativa,Cuba,NA,NA,0.8,indica
GP55,O. sativa,Ivory Coast,NA,NA,0.67,tropical japonica
GP56,O. sativa,Uganda,NA,NA,0.67,intermedia
GP57,O. sativa,Madagascar,NA,NA,0.36,aus
GP58,O. sativa,India,NA,NA,0.58,indica
GP59,O. sativa,Philippine,NA,NA,0.58,temperate japonica
GP60,O. sativa,India,NA,NA,0.75,indica
GP61,O. sativa,India,NA,NA,0.73,aus
GP62,O. sativa,India,NA,NA,0.59,aus
GP63,O. sativa,India,NA,NA,0.61,aus
GP64,O. sativa,Burma,NA,NA,0.58,indica
GP65,O. sativa,IRRI,NA,NA,0.53,indica
GP66,O. sativa,Vietnam,NA,NA,0.3,indica
GP67,O. sativa,India,NA,NA,0.48,aus
GP68,O. sativa,IRRI,NA,NA,0.96,indica
GP69,O. sativa,IRRI,NA,NA,0.77,indica
GP70,O. sativa,IRRI,NA,NA,0.57,indica
GP71,O. sativa,IRRI,NA,NA,0.67,indica
GP72,O. sativa,IRRI,NA,NA,0.6,indica
GP73,O. sativa,IRRI,NA,NA,0.86,indica
GP74,O. sativa,IRRI,NA,NA,0.94,intermedia
GP75,O. sativa,Philippine,NA,NA,0.59,aus
GP76,O. sativa,Madagascar,NA,NA,0.9,indica
GP77,O. sativa,IRRI,NA,NA,0.87,tropical japonica
GP78,O. sativa,IRRI,NA,NA,0.7,indica
GP79,O. sativa,IRRI,NA,NA,0.78,indica
GP80,O. sativa,IRRI,NA,NA,0.85,indica
GP81,O. sativa,IRRI,NA,NA,0.79,indica
GP82,O. sativa,IRRI,NA,NA,0.98,indica
GP83,O. sativa,India,NA,NA,0.29,indica
GP84,O. sativa,IRRI,NA,NA,0.59,indica
GP85,O. sativa,Thailand,NA,NA,0.64,indica
GP86,O. sativa,US,NA,NA,0.73,tropical japonica
GP87,O. sativa,India,NA,NA,0.56,indica
GP88,O. sativa,Egypt,NA,NA,0.56,temperate japonica
GP89,O. sativa,Bengal,NA,NA,0.69,aus
GP90,O. sativa,IRRI,NA,NA,0.75,indica
GP91,O. sativa,IRRI,NA,NA,0.61,indica
GP92,O. sativa,IRRI,NA,NA,0.71,indica
GP93,O. sativa,IRRI,NA,NA,0.48,indica
GP94,O. sativa,IRRI,NA,NA,0.78,indica
GP95,O. sativa,IRRI,NA,NA,0.48,indica
GP96,O. sativa,IRRI,NA,NA,0.84,indica
GP97,O. sativa,IRRI,NA,NA,0.74,indica
GP98,O. sativa,IRRI,NA,NA,0.55,indica
GP99,O. sativa,IRRI,NA,NA,0.7,indica
GP100,O. sativa,IRRI,NA,NA,0.82,indica
GP101,O. sativa,IRRI,NA,NA,0.5,indica
GP102,O. sativa,IRRI,NA,NA,0.53,indica
GP103,O. sativa,Sri Lanka,NA,NA,0.4,indica
GP104,O. sativa,Bengal,NA,NA,0.34,aus
GP105,O. sativa,IRRI,NA,NA,0.35,indica
GP106,O. sativa,IRRI,NA,NA,0.73,indica
GP107,O. sativa,Uganda,NA,NA,0.63,indica
GP108,O. sativa,Philippine,NA,NA,1.03,indica
GP109,O. sativa,Madagascar,NA,NA,0.69,aus
GP110,O. sativa,Philippine,NA,NA,0.53,aus
GP111,O. sativa,IRRI,NA,NA,0.29,indica
GP112,O. sativa,Gambian,NA,NA,0.54,tropical japonica
GP113,O. sativa,IRRI,NA,NA,0.25,indica
GP114,O. sativa,Philippine,NA,NA,0.14,indica
GP115,O. sativa,US,NA,NA,0.23,indica
GP116,O. sativa,IRRI,NA,NA,0.91,indica
GP117,O. sativa,US,NA,NA,1.13,tropical japonica
GP118,O. sativa,Indonesia,NA,NA,1.35,indica
GP119,O. sativa,IRRI,NA,NA,2.04,indica
GP120,O. sativa,Philippine,NA,NA,1.05,indica
GP121,O. sativa,IRRI,NA,NA,0.57,indica
GP122,O. sativa,Sri Lanka,NA,NA,1.02,indica
GP123,O. sativa,IRRI,NA,NA,1.17,indica
GP124,O. sativa,Bengal,NA,NA,0.81,aus
GP125,O. sativa,Ivory Coast,NA,NA,0.44,indica
GP126,O. sativa,Uganda,NA,NA,0.36,temperate japonica
GP127,O. sativa,IRRI,NA,NA,0.63,indica
GP128,O. sativa,India,NA,NA,0.47,indica
GP129,O. sativa,IRRI,NA,NA,1.09,indica
GP130,O. sativa,IRRI,NA,NA,0.31,indica
GP131,O. sativa,Sri Lanka,NA,NA,0.52,indica
GP132,O. sativa,IRRI,NA,NA,0.77,indica
GP133,O. sativa,IRRI,NA,NA,0.03,indica
GP134,O. sativa,North Korea,NA,NA,0.85,indica
GP135,O. sativa,North Korea,NA,NA,1.07,indica
GP136,O. sativa,IRRI,NA,NA,0.57,indica
GP137,O. sativa,North Korea,NA,NA,0.42,indica
GP138,O. sativa,IRRI,NA,NA,2.19,indica
GP139,O. sativa,IRRI,NA,NA,0.57,indica
GP140,O. sativa,IRRI,NA,NA,1.08,indica
GP141,O. sativa,Nepal,NA,NA,0.19,intermedia
GP142,O. sativa,India,NA,NA,0.42,indica
GP143,O. sativa,Philippine,NA,NA,0.54,indica
GP144,O. sativa,North Korea,NA,NA,0.27,indica
GP260,O. sativa,India,NA,NA,2.11,indica
GP284,O. sativa,Pakistan,NA,NA,2.31,aromatic
GP285,O. sativa,Pakistan,NA,NA,1.98,aus
GP294,O. sativa,Pakistan,NA,NA,2.4,aromatic
GP295,O. sativa,Pakistan,NA,NA,0.7,aromatic
GP296,O. sativa,Pakistan,NA,NA,1.21,aromatic
GP297,O. sativa,Pakistan,NA,NA,1.73,aromatic
GP497,O. sativa,Japan,NA,NA,0.4,temperate japonica
GP498,O. sativa,Japan,NA,NA,0.71,temperate japonica
GP499,O. sativa,Japan,NA,NA,0.53,temperate japonica
GP500,O. sativa,Japan,NA,NA,0.63,temperate japonica
GP501,O. sativa,Japan,NA,NA,0.43,temperate japonica
GP502,O. sativa,Japan,NA,NA,0.51,temperate japonica
GP503,O. sativa,Italy,NA,NA,0.57,tropical japonica
GP504,O. sativa,Japan,NA,NA,0.52,temperate japonica
GP505,O. sativa,Japan,NA,NA,0.47,temperate japonica
GP506,O. sativa,Japan,NA,NA,0.51,temperate japonica
GP507,O. sativa,Japan,NA,NA,0.69,temperate japonica
GP508,O. sativa,Japan,NA,NA,0.41,temperate japonica
GP509,O. sativa,Japan,NA,NA,0.91,temperate japonica
GP510,O. sativa,Portugal,NA,NA,0.71,temperate japonica
GP511,O. sativa,Russia,NA,NA,0.43,temperate japonica
GP512,O. sativa,Bengal,NA,NA,0.71,aus
GP513,O. sativa,Philippine,NA,NA,0.2,tropical japonica
GP514,O. sativa,Philippine,NA,NA,0.57,tropical japonica
GP515,O. sativa,Philippine,NA,NA,0.75,tropical japonica
GP516,O. sativa,Philippine,NA,NA,0.74,tropical japonica
GP517,O. sativa,Philippine,NA,NA,0.57,tropical japonica
GP518,O. sativa,Philippine,NA,NA,0.49,tropical japonica
GP519,O. sativa,Laos,NA,NA,0.71,temperate japonica
GP520,O. sativa,Laos,NA,NA,0.65,temperate japonica
GP521,O. sativa,Indonesia,NA,NA,0.63,tropical japonica
GP522,O. sativa,Malaysia,NA,NA,0.59,tropical japonica
GP523,O. sativa,Solomon Islands,NA,NA,0.75,temperate japonica
GP524,O. sativa,Philippine,NA,NA,0.44,intermedia
GP525,O. sativa,Thailand,NA,NA,0.69,temperate japonica
GP526,O. sativa,Thailand,NA,NA,0.74,indica
GP527,O. sativa,Laos,NA,NA,0.31,temperate japonica
GP528,O. sativa,Laos,NA,NA,0.76,temperate japonica
GP529,O. sativa,Laos,NA,NA,0.5,temperate japonica
GP530,O. sativa,India,NA,NA,0.8,aus
GP531,O. sativa,Bengal,NA,NA,0.63,aus
GP532,O. sativa,Brazil,NA,NA,0.87,tropical japonica
GP533,O. sativa,Bengal,NA,NA,0.26,aus
GP534,O. sativa,Malaysia,NA,NA,0.64,tropical japonica
GP535,O. sativa,Philippine,NA,NA,0.69,tropical japonica
GP536,O. sativa,Philippine,NA,NA,0.7,tropical japonica
GP537,O. sativa,Philippine,NA,NA,0.59,tropical japonica
GP538,O. sativa,India,NA,NA,0.57,aus
GP539,O. sativa,India,NA,NA,0.8,aus
GP540,O. sativa,Pakistan,NA,NA,0.86,aus
GP541,O. sativa,Philippine,NA,NA,0.33,tropical japonica
GP542,O. sativa,Philippine,NA,NA,0.76,aus
GP543,O. sativa,US,NA,NA,0.61,intermedia
GP544,O. sativa,US,NA,NA,0.39,tropical japonica
GP545,O. sativa,Egypt,NA,NA,0.77,temperate japonica
GP546,O. sativa,Japan,NA,NA,1.15,temperate japonica
GP547,O. sativa,Japan,NA,NA,0.52,temperate japonica
GP548,O. sativa,Japan,NA,NA,0.9,temperate japonica
GP549,O. sativa,Japan,NA,NA,0.89,temperate japonica
GP550,O. sativa,Japan,NA,NA,0.43,temperate japonica
GP551,O. sativa,Japan,NA,NA,0.8,temperate japonica
GP552,O. sativa,Japan,NA,NA,0.82,temperate japonica
GP553,O. sativa,Japan,NA,NA,0.6,indica
GP554,O. sativa,Japan,NA,NA,0.55,temperate japonica
GP555,O. sativa,Japan,NA,NA,0.74,temperate japonica
GP556,O. sativa,Japan,NA,NA,0.37,temperate japonica
GP557,O. sativa,Japan,NA,NA,0.73,temperate japonica
GP558,O. sativa,Japan,NA,NA,0.5,temperate japonica
GP559,O. sativa,Japan,NA,NA,0.44,temperate japonica
GP560,O. sativa,North Korea,NA,NA,0.86,temperate japonica
GP561,O. sativa,Japan,NA,NA,1,temperate japonica
GP562,O. sativa,Albania,NA,NA,0.66,intermedia
GP563,O. sativa,Albania,NA,NA,1.34,temperate japonica
GP564,O. sativa,Russia,NA,NA,1.17,temperate japonica
GP565,O. sativa,France,NA,NA,0.62,temperate japonica
GP566,O. sativa,Argentina,NA,NA,0.83,temperate japonica
GP567,O. sativa,IRRI,NA,NA,0.43,temperate japonica
GP568,O. sativa,Italy,NA,NA,0.96,temperate japonica
GP569,O. sativa,Philippine,NA,NA,1.01,temperate japonica
GP570,O. sativa,Philippine,NA,NA,0.96,temperate japonica
GP571,O. sativa,Japan,NA,NA,0.7,temperate japonica
GP572,O. sativa,Ivory Coast,NA,NA,0.45,indica
GP573,O. sativa,Brazil,NA,NA,0.77,indica
GP574,O. sativa,Philippine,NA,NA,1.1,indica
GP575,O. sativa,Uganda,NA,NA,0.44,temperate japonica
GP576,O. sativa,Pakistan,NA,NA,0.83,aus
GP577,O. sativa,Brazil,NA,NA,0.22,intermedia
GP578,O. sativa,Philippine,NA,NA,0.98,tropical japonica
GP579,O. sativa,Philippine,NA,NA,0.94,temperate japonica
GP580,O. sativa,Laos,NA,NA,1.02,temperate japonica
GP581,O. sativa,Bulgaria,NA,NA,0.45,temperate japonica
GP582,O. sativa,Laos,NA,NA,0.57,temperate japonica
GP583,O. sativa,Thailand,NA,NA,0.97,temperate japonica
GP584,O. sativa,US,NA,NA,1.02,temperate japonica
GP585,O. sativa,North Korea,NA,NA,0.56,temperate japonica
GP587,O. sativa,Japan,NA,NA,0.82,indica
GP588,O. sativa,Italy,NA,NA,1.01,temperate japonica
GP589,O. sativa,Egypt,NA,NA,0.78,indica
GP590,O. sativa,India,NA,NA,0.66,temperate japonica
GP591,O. sativa,North Korea,NA,NA,0.92,temperate japonica
GP592,O. sativa,Japan,NA,NA,1.29,temperate japonica
GP593,O. sativa,North Korea,NA,NA,1.03,indica
GP594,O. sativa,Argentina,NA,NA,0.42,temperate japonica
GP595,O. sativa,Japan,NA,NA,1.15,temperate japonica
GP596,O. sativa,Japan,NA,NA,0.81,temperate japonica
GP597,O. sativa,South Korea,NA,NA,0.66,temperate japonica
GP598,O. sativa,South Korea,NA,NA,0.43,temperate japonica
GP599,O. sativa,South Korea,NA,NA,0.62,temperate japonica
GP601,O. sativa,North Korea,NA,NA,0.57,temperate japonica
GP602,O. sativa,North Korea,NA,NA,0.59,temperate japonica
GP603,O. sativa,South Korea,NA,NA,1.11,temperate japonica
GP605,O. sativa,South Korea,NA,NA,1.1,temperate japonica
GP606,O. sativa,South Korea,NA,NA,1,temperate japonica
GP607,O. sativa,Japan,NA,NA,1.31,temperate japonica
GP608,O. sativa,Japan,NA,NA,0.35,temperate japonica
GP609,O. sativa,Japan,NA,NA,0.57,temperate japonica
GP610,O. sativa,South Korea,NA,NA,0.23,temperate japonica
GP611,O. sativa,Australia,NA,NA,0.87,tropical japonica
GP612,O. sativa,US,NA,NA,1.03,temperate japonica
GP613,O. sativa,US,NA,NA,0.94,intermedia
GP614,O. sativa,US,NA,NA,0.44,temperate japonica
GP615,O. sativa,US,NA,NA,0.63,intermedia
GP616,O. sativa,US,NA,NA,0.91,intermedia
GP617,O. sativa,US,NA,NA,0.85,intermedia
GP619,O. sativa,Japan,NA,NA,0.65,temperate japonica
GP620,O. sativa,IRRI,NA,NA,1.77,temperate japonica
GP621,O. sativa,Japan,NA,NA,0.3,temperate japonica
GP622,O. sativa,IRRI,NA,NA,0.58,indica
GP623,O. sativa,Japan,NA,NA,0.3,temperate japonica
GP624,O. sativa,Hungary,NA,NA,0.95,indica
GP625,O. sativa,India,NA,NA,0.73,aus
GP626,O. sativa,Indonesia,NA,NA,0.67,tropical japonica
GP627,O. sativa,Indonesia,NA,NA,0.38,intermedia
GP628,O. sativa,Indonesia,NA,NA,0.46,indica
GP629,O. sativa,Indonesia,NA,NA,1.76,tropical japonica
GP630,O. sativa,Japan,NA,NA,0.93,temperate japonica
GP631,O. sativa,Japan,NA,NA,0.5,indica
GP632,O. sativa,Japan,NA,NA,0.52,temperate japonica
GP633,O. sativa,Philippine,NA,NA,0.16,indica
GP634,O. sativa,North Korea,NA,NA,0.58,temperate japonica
GP635,O. sativa,North Korea,NA,NA,0.38,intermedia
GP636,O. sativa,North Korea,NA,NA,1.08,temperate japonica
GP637,O. sativa,North Korea,NA,NA,0.9,intermedia
GP638,O. sativa,North Korea,NA,NA,0.65,temperate japonica
GP639,O. sativa,North Korea,NA,NA,0.25,indica
GP640,O. sativa,US,NA,NA,0.45,tropical japonica
GP641,O. sativa,US,NA,NA,0.48,tropical japonica
GP642,O. sativa,US,NA,NA,0.64,tropical japonica
GP643,O. sativa,Ivory Coast,NA,NA,0.53,tropical japonica
GP644,O. sativa,Ivory Coast,NA,NA,0.84,tropical japonica
GP645,O. sativa,Sri Lanka,NA,NA,0.51,intermedia
GP646,O. sativa,Thailand,NA,NA,1.24,temperate japonica
GP647,O. sativa,US,NA,NA,0.83,tropical japonica
GP648,O. sativa,Japan,NA,NA,0.57,temperate japonica
GP649,O. sativa,Japan,NA,NA,0.61,temperate japonica
GP650,O. sativa,Japan,NA,NA,1.03,temperate japonica
GP651,O. sativa,North Korea,NA,NA,1.21,temperate japonica
GP652,O. sativa,North Korea,NA,NA,1.05,indica
GP653,O. sativa,Japan,NA,NA,0.85,temperate japonica
GP654,O. sativa,Italy,NA,NA,1.48,temperate japonica
GP655,O. sativa,Japan,NA,NA,1.5,temperate japonica
GP656,O. sativa,Japan,NA,NA,0.86,temperate japonica
GP657,O. sativa,Vietnam,NA,NA,1.17,temperate japonica
GP658,O. sativa,Brazil,NA,NA,1.34,intermedia
GP659,O. sativa,Brazil,NA,NA,1.27,tropical japonica
GP660,O. sativa,Japan,NA,NA,0.98,temperate japonica
GP661,O. sativa,Italy,NA,NA,0.61,temperate japonica
GP662,O. sativa,Japan,NA,NA,1.25,temperate japonica
GP663,O. sativa,Japan,NA,NA,1.11,temperate japonica
GP664,O. sativa,Japan,NA,NA,1.26,temperate japonica
GP665,O. sativa,Japan,NA,NA,0.86,temperate japonica
GP666,O. sativa,Japan,NA,NA,0.61,temperate japonica
GP667,O. sativa,Japan,NA,NA,1.12,temperate japonica
GP668,O. sativa,Japan,NA,NA,0.9,temperate japonica
GP669,O. sativa,Japan,NA,NA,1.05,temperate japonica
GP670,O. sativa,Japan,NA,NA,1.39,temperate japonica
GP671,O. sativa,Japan,NA,NA,1.1,temperate japonica
GP672,O. sativa,Japan,NA,NA,1.09,temperate japonica
GP673,O. sativa,Japan,NA,NA,1.05,temperate japonica
GP674,O. sativa,Japan,NA,NA,1.05,temperate japonica
GP675,O. sativa,Japan,NA,NA,1.23,temperate japonica
GP676,O. sativa,Japan,NA,NA,1.53,indica
GP677,O. sativa,North Korea,NA,NA,0.73,temperate japonica
GP678,O. sativa,South Korea,NA,NA,1.07,temperate japonica
GP679,O. sativa,Indonesia,NA,NA,0.82,tropical japonica
GP680,O. sativa,Cuba,NA,NA,0.83,temperate japonica
GP681,O. sativa,Cuba,NA,NA,0.6,intermedia
GP682,O. sativa,Indonesia,NA,NA,0.74,temperate japonica
GP683,O. sativa,Indonesia,NA,NA,0.62,tropical japonica
GP684,O. sativa,Italy,NA,NA,0.83,tropical japonica
GP685,O. sativa,Italy,NA,NA,0.44,temperate japonica
GP686,O. sativa,Hungary,NA,NA,1.17,tropical japonica
GP687,O. sativa,Indonesia,NA,NA,1.05,intermedia
GP688,O. sativa,Indonesia,NA,NA,0.71,tropical japonica
GP689,O. sativa,Indonesia,NA,NA,1.09,intermedia
GP690,O. sativa,Indonesia,NA,NA,1.05,tropical japonica
GP691,O. sativa,Hungary,NA,NA,0.48,temperate japonica
GP692,O. sativa,Hungary,NA,NA,1.46,temperate japonica
GP693,O. sativa,Colombia,NA,NA,0.66,intermedia
GP694,O. sativa,South Korea,NA,NA,1.4,temperate japonica
GP695,O. sativa,Brazil,NA,NA,0.74,tropical japonica
GP696,O. sativa,Brazil,NA,NA,0.48,tropical japonica
GP697,O. sativa,Ivory Coast,NA,NA,1.07,tropical japonica
GP698,O. sativa,Ivory Coast,NA,NA,1.02,tropical japonica
GP699,O. sativa,Ivory Coast,NA,NA,0.98,tropical japonica
GP700,O. sativa,Ivory Coast,NA,NA,0.79,tropical japonica
GP701,O. sativa,Ivory Coast,NA,NA,0.82,tropical japonica
GP702,O. sativa,South Korea,NA,NA,0.68,temperate japonica
GP703,O. sativa,South Korea,NA,NA,0.64,temperate japonica
GP704,O. sativa,Ivory Coast,NA,NA,0.98,tropical japonica
GP705,O. sativa,Ivory Coast,NA,NA,1.54,tropical japonica
GP706,O. sativa,Ivory Coast,NA,NA,1.91,tropical japonica
GP707,O. sativa,South Korea,NA,NA,0.96,temperate japonica
GP708,O. sativa,South Korea,NA,NA,1.17,temperate japonica
GP709,O. sativa,South Korea,NA,NA,0.69,temperate japonica
GP710,O. sativa,South Korea,NA,NA,0.75,temperate japonica
GP711,O. sativa,Indonesia,NA,NA,0.92,tropical japonica
GP712,O. sativa,Malaysia,NA,NA,0.73,tropical japonica
GP713,O. sativa,Bengal,NA,NA,0.76,aus
GP714,O. sativa,Indonesia,NA,NA,1.2,tropical japonica
GP715,O. sativa,Bengal,NA,NA,1.57,aus
GP716,O. sativa,North Korea,NA,NA,1.66,indica
GP717,O. sativa,Brazil,NA,NA,0.62,temperate japonica
GP718,O. sativa,India,NA,NA,0.85,tropical japonica
GP719,O. sativa,US,NA,NA,0.84,intermedia
GP720,O. sativa,Brazil,NA,NA,0.61,intermedia
GP721,O. sativa,Ivory Coast,NA,NA,0.43,tropical japonica
GP722,O. sativa,Ivory Coast,NA,NA,0.36,indica
GP723,O. sativa,Ivory Coast,NA,NA,0.5,tropical japonica
GP724,O. sativa,Ivory Coast,NA,NA,0.55,tropical japonica
GP725,O. sativa,Ivory Coast,NA,NA,0.33,tropical japonica
GP726,O. sativa,Ivory Coast,NA,NA,0.94,tropical japonica
GP727,O. sativa,Ivory Coast,NA,NA,0.82,tropical japonica
GP728,O. sativa,Ivory Coast,NA,NA,0.7,tropical japonica
GP729,O. sativa,Ivory Coast,NA,NA,0.53,tropical japonica
GP730,O. sativa,Nigeria,NA,NA,0.82,tropical japonica
GP731,O. sativa,Nigeria,NA,NA,0.51,tropical japonica
GP732,O. sativa,Nigeria,NA,NA,0.31,tropical japonica
GP733,O. sativa,Nigeria,NA,NA,0.32,tropical japonica
GP734,O. sativa,Nigeria,NA,NA,1.31,tropical japonica
GP735,O. sativa,Nigeria,NA,NA,0.37,tropical japonica
GP736,O. sativa,Nigeria,NA,NA,0.41,intermedia
GP737,O. sativa,Nigeria,NA,NA,0.76,intermedia
GP738,O. sativa,South Korea,NA,NA,0.86,temperate japonica
GP739,O. sativa,Hungary,NA,NA,0.71,temperate japonica
GP740,O. sativa,Hungary,NA,NA,0.83,temperate japonica
GP741,O. sativa,Japan,NA,NA,0.49,temperate japonica
GP742,O. sativa,South Korea,NA,NA,1.11,temperate japonica
GP743,O. sativa,South Korea,NA,NA,0.6,temperate japonica
GP744,O. sativa,Brazil,NA,NA,0.69,tropical japonica
GP745,O. sativa,Brazil,NA,NA,0.42,tropical japonica
GP746,O. sativa,South Korea,NA,NA,0.79,temperate japonica
GP747,O. sativa,South Korea,NA,NA,0.77,temperate japonica
GP748,O. sativa,South Korea,NA,NA,1.37,temperate japonica
GP749,O. sativa,South Korea,NA,NA,0.74,temperate japonica
GP750,O. sativa,Indonesia,NA,NA,0.7,temperate japonica
GP751,O. sativa,Brazil,NA,NA,0.71,tropical japonica
GP752,O. sativa,IRRI,NA,NA,0.35,intermedia
GP753,O. sativa,US,NA,NA,0.91,tropical japonica
GP754,O. sativa,North Korea,NA,NA,1.45,temperate japonica
GP755,O. sativa,North Korea,NA,NA,1.16,temperate japonica
GP756,O. sativa,North Korea,NA,NA,1.38,temperate japonica
GP758,O. sativa,US,NA,NA,0.4,tropical japonica
GP759,O. sativa,US,NA,NA,0.75,temperate japonica
GP760,O. sativa,Japan,NA,NA,0.37,temperate japonica
GP761,O. sativa,Indonesia,NA,NA,0.64,tropical japonica
GP762,O. sativa,Indonesia,NA,NA,0.49,intermedia
GP764,O. sativa,India,NA,NA,1.2,aus
GP765,O. sativa,North Korea,NA,NA,0.49,temperate japonica
GP766,O. sativa,North Korea,NA,NA,0.9,temperate japonica
GP767,O. sativa,North Korea,NA,NA,0.5,indica
GP768,O. sativa,North Korea,NA,NA,0.55,temperate japonica
GP769,O. sativa,North Korea,NA,NA,0.24,temperate japonica
GP770,O. sativa,North Korea,NA,NA,1.31,temperate japonica
GP771,O. sativa,North Korea,NA,NA,0.84,temperate japonica
GP772,O. sativa,North Korea,NA,NA,0.66,indica
GP773,O. sativa,North Korea,NA,NA,1.14,temperate japonica
GP774,O. sativa,North Korea,NA,NA,0.21,temperate japonica
GP775,O. sativa,North Korea,NA,NA,0.81,temperate japonica
GP776,O. sativa,South Korea,NA,NA,0.63,temperate japonica
GP777,O. sativa,South Korea,NA,NA,0.82,temperate japonica
GP779,O. sativa,Japan,NA,NA,1.39,temperate japonica
GP780,O. sativa,Japan,NA,NA,0.92,temperate japonica
GP782,O. sativa,South Korea,NA,NA,0.58,temperate japonica
GP783,O. sativa,Japan,NA,NA,0.56,temperate japonica
GP784,O. sativa,Japan,NA,NA,0.73,temperate japonica
GP785,O. sativa,Japan,NA,NA,0.27,indica
GP786,O. sativa,Japan,NA,NA,0.5,temperate japonica
GP787,O. sativa,Japan,NA,NA,0.57,temperate japonica
GP788,O. sativa,Japan,NA,NA,1.2,temperate japonica
GP789,O. sativa,Japan,NA,NA,1.54,temperate japonica
GP790,O. sativa,Japan,NA,NA,0.46,temperate japonica
GP791,O. sativa,Japan,NA,NA,1.02,temperate japonica
GP792,O. sativa,Japan,NA,NA,0.36,temperate japonica
GP793,O. sativa,Japan,NA,NA,0.8,temperate japonica
GP794,O. sativa,Japan,NA,NA,0.38,temperate japonica
GP795,O. sativa,Japan,NA,NA,0.41,temperate japonica
GP796,O. sativa,Japan,NA,NA,0.81,temperate japonica
GP797,O. sativa,Japan,NA,NA,0.56,temperate japonica
GP798,O. sativa,Japan,NA,NA,0.9,temperate japonica
GP799,O. sativa,Japan,NA,NA,1.15,temperate japonica
GP800,O. sativa,Japan,NA,NA,0.53,temperate japonica
GP801,O. sativa,Japan,NA,NA,0.94,temperate japonica
GP802,O. sativa,Japan,NA,NA,0.65,temperate japonica
GP803,O. sativa,Japan,NA,NA,0.67,temperate japonica
GP804,O. sativa,Japan,NA,NA,0.26,temperate japonica
GP805,O. sativa,Japan,NA,NA,0.85,temperate japonica
GP806,O. sativa,Japan,NA,NA,0.62,temperate japonica
GP807,O. sativa,Japan,NA,NA,0.41,temperate japonica
GP808,O. sativa,Japan,NA,NA,0.57,temperate japonica
GP809,O. sativa,Japan,NA,NA,1.05,temperate japonica
GP810,O. sativa,Japan,NA,NA,0.83,temperate japonica
GP811,O. sativa,Japan,NA,NA,0.85,temperate japonica
GP812,O. sativa,Japan,NA,NA,1.18,temperate japonica
GP813,O. sativa,Japan,NA,NA,0.92,temperate japonica
GP814,O. sativa,Japan,NA,NA,0.69,temperate japonica
GP815,O. sativa,Japan,NA,NA,1.05indica,
